id;first_name;patronim;last_name;age;email;photo;photo_content_type
1;Gregorio;calculate;O'Keefe;26169;Jaquan.Runolfsson83@yahoo.com;../fake-data/blob/hipster.png;image/png
2;Eloy;invoice;Mayert;77479;Harvey30@hotmail.com;../fake-data/blob/hipster.png;image/png
3;Miguel;Functionality envisioneer;Stroman;94328;Gertrude_Medhurst@hotmail.com;../fake-data/blob/hipster.png;image/png
4;Troy;Grocery;McKenzie;72818;Amira.Prosacco@hotmail.com;../fake-data/blob/hipster.png;image/png
5;Edwin;Internal PNG;Kub;2463;Preston42@yahoo.com;../fake-data/blob/hipster.png;image/png
6;Isai;Checking Account virtual Internal;Wilkinson;9887;Onie.McLaughlin@gmail.com;../fake-data/blob/hipster.png;image/png
7;Taya;content Home Loan Account Corporate;Fadel;13573;Hans69@gmail.com;../fake-data/blob/hipster.png;image/png
8;Maurice;Savings Account Mouse back-end;Rolfson;47019;Belle.Brakus1@yahoo.com;../fake-data/blob/hipster.png;image/png
9;Beatrice;paradigms Dalasi Customer;Ernser;47704;Margarete.Shields22@hotmail.com;../fake-data/blob/hipster.png;image/png
10;Ellen;copying;Klocko;53200;Eldora.Schaden@gmail.com;../fake-data/blob/hipster.png;image/png
